chain, residue_label, residue_name, score, zscore, probability, pocket
A,  185, PRO,  0.0364,  -0.3591,   0.0008, 0
A,  186, GLY,  0.0568,  -0.3478,   0.0012, 0
A,  187, LEU,  0.0348,  -0.3601,   0.0007, 0
A,  188, LYS,  1.1162,   0.2427,   0.1728, 0
A,  189, GLN,  0.0304,  -0.3625,   0.0006, 0
A,  190, LYS,  0.0890,  -0.3299,   0.0020, 0
A,  191, ILE,  0.0022,  -0.3782,   0.0003, 0
A,  192, VAL,  0.1964,  -0.2700,   0.0067, 0
A,  193, ILE,  0.0000,  -0.3795,   0.0002, 0
A,  194, LYS,  0.0132,  -0.3721,   0.0004, 0
A,  195, VAL,  0.0079,  -0.3751,   0.0003, 0
A,  196, ALA,  0.0096,  -0.3741,   0.0003, 0
A,  197, MET,  0.0670,  -0.3421,   0.0014, 0
A,  198, GLU,  0.0449,  -0.3544,   0.0009, 0
A,  199, GLY,  0.0974,  -0.3252,   0.0022, 0
A,  202, CYS,  0.1470,  -0.2975,   0.0042, 0
A,  203, ARG,  0.6266,  -0.0302,   0.0559, 0
A,  204, SER,  0.4684,  -0.1184,   0.0317, 0
A,  205, LYS,  0.1338,  -0.3049,   0.0036, 0
A,  206, ALA,  0.0093,  -0.3743,   0.0003, 0
A,  207, MET,  0.0884,  -0.3302,   0.0020, 0
A,  208, ALA,  0.0328,  -0.3612,   0.0007, 0
A,  209, LEU,  0.0851,  -0.3320,   0.0019, 0
A,  210, VAL,  0.0285,  -0.3636,   0.0006, 0
A,  211, ALA,  0.1444,  -0.2990,   0.0041, 0
A,  212, SER,  0.2273,  -0.2527,   0.0085, 0
A,  213, THR,  0.3567,  -0.1806,   0.0191, 0
A,  214, GLY,  0.3080,  -0.2078,   0.0146, 0
A,  215, GLY,  0.3399,  -0.1900,   0.0176, 0
A,  216, VAL,  0.4471,  -0.1302,   0.0291, 0
A,  217, ASP,  0.7859,   0.0586,   0.0880, 0
A,  218, SER,  0.7875,   0.0595,   0.0884, 0
A,  219, VAL,  0.0000,  -0.3795,   0.0002, 0
A,  220, ALA,  0.0155,  -0.3708,   0.0004, 0
A,  221, LEU,  0.5542,  -0.0706,   0.0439, 0
A,  222, VAL,  0.3393,  -0.1903,   0.0175, 0
A,  223, GLY,  0.4374,  -0.1356,   0.0279, 0
A,  224, ASP,  0.1625,  -0.2889,   0.0049, 0
A,  225, LEU,  0.1837,  -0.2771,   0.0060, 0
A,  226, ARG,  0.7479,   0.0374,   0.0797, 0
A,  227, ASP,  0.0635,  -0.3441,   0.0013, 0
A,  228, LYS,  0.2671,  -0.2306,   0.0113, 0
A,  229, ILE,  0.0000,  -0.3795,   0.0002, 0
A,  230, GLU,  0.4426,  -0.1328,   0.0285, 0
A,  231, VAL,  0.0000,  -0.3795,   0.0002, 0
A,  232, VAL,  0.8439,   0.0909,   0.1014, 0
A,  233, GLY,  0.0543,  -0.3492,   0.0011, 0
A,  234, TYR,  0.3435,  -0.1880,   0.0179, 0
A,  235, GLY,  0.0303,  -0.3626,   0.0006, 0
A,  236, ILE,  0.0256,  -0.3652,   0.0006, 0
A,  237, ASP,  0.0121,  -0.3727,   0.0004, 0
A,  238, PRO,  0.0373,  -0.3587,   0.0008, 0
A,  239, ILE,  0.0404,  -0.3570,   0.0008, 0
A,  240, LYS,  0.0381,  -0.3582,   0.0008, 0
A,  241, LEU,  0.0247,  -0.3657,   0.0006, 0
A,  242, ILE,  0.0229,  -0.3667,   0.0005, 0
A,  243, SER,  0.0320,  -0.3616,   0.0007, 0
A,  244, ALA,  0.0460,  -0.3538,   0.0009, 0
A,  245, LEU,  0.0010,  -0.3789,   0.0002, 0
A,  246, ARG,  0.0296,  -0.3629,   0.0006, 0
A,  247, LYS,  0.0138,  -0.3718,   0.0004, 0
A,  248, LYS,  0.0833,  -0.3330,   0.0018, 0
A,  249, VAL,  0.0211,  -0.3677,   0.0005, 0
A,  250, GLY,  0.0071,  -0.3755,   0.0003, 0
A,  251, ASP,  0.0062,  -0.3760,   0.0003, 0
A,  252, ALA,  0.0112,  -0.3732,   0.0004, 0
A,  253, GLU,  0.0179,  -0.3695,   0.0005, 0
A,  254, LEU,  0.0305,  -0.3625,   0.0007, 0
A,  255, LEU,  0.0844,  -0.3324,   0.0019, 0
A,  256, GLN,  0.0252,  -0.3654,   0.0006, 0
A,  257, VAL,  0.0283,  -0.3637,   0.0006, 0
A,  258, SER,  0.0160,  -0.3705,   0.0004, 0
A,  259, GLN,  0.0287,  -0.3634,   0.0006, 0
A,  260, ALA,  0.2043,  -0.2656,   0.0071, 0
B,  184, GLY,  0.0383,  -0.3581,   0.0008, 0
B,  185, PRO,  0.0361,  -0.3593,   0.0007, 0
B,  186, GLY,  0.0639,  -0.3438,   0.0013, 0
B,  187, LEU,  0.0871,  -0.3309,   0.0019, 0
B,  188, LYS,  0.2574,  -0.2360,   0.0106, 0
B,  189, GLN,  0.0984,  -0.3246,   0.0023, 0
B,  190, LYS,  0.7198,   0.0218,   0.0738, 7
B,  191, ILE,  0.0077,  -0.3752,   0.0003, 0
B,  192, VAL,  0.4403,  -0.1340,   0.0283, 3
B,  193, ILE,  0.0000,  -0.3795,   0.0002, 0
B,  194, LYS,  0.5180,  -0.0908,   0.0385, 1
B,  195, VAL,  0.0388,  -0.3578,   0.0008, 0
B,  196, ALA,  0.0930,  -0.3276,   0.0021, 0
B,  197, MET,  0.1733,  -0.2829,   0.0054, 0
B,  198, GLU,  0.1760,  -0.2813,   0.0056, 0
B,  199, GLY,  0.0805,  -0.3346,   0.0018, 0
B,  202, CYS,  0.2911,  -0.2172,   0.0133, 0
B,  203, ARG,  0.5524,  -0.0716,   0.0436, 0
B,  204, SER,  0.5814,  -0.0554,   0.0483, 0
B,  205, LYS,  0.1462,  -0.2980,   0.0042, 0
B,  206, ALA,  0.0105,  -0.3736,   0.0004, 0
B,  207, MET,  0.1351,  -0.3042,   0.0037, 0
B,  208, ALA,  0.0274,  -0.3642,   0.0006, 0
B,  209, LEU,  0.0806,  -0.3345,   0.0018, 0
B,  210, VAL,  0.0198,  -0.3684,   0.0005, 0
B,  211, ALA,  0.2014,  -0.2672,   0.0069, 0
B,  212, SER,  0.2780,  -0.2245,   0.0122, 0
B,  213, THR,  0.4440,  -0.1320,   0.0287, 0
B,  214, GLY,  0.3552,  -0.1815,   0.0190, 0
B,  215, GLY,  0.4920,  -0.1052,   0.0348, 0
B,  216, VAL,  0.4170,  -0.1470,   0.0255, 0
B,  217, ASP,  0.3067,  -0.2085,   0.0145, 0
B,  218, SER,  0.0070,  -0.3756,   0.0003, 0
B,  219, VAL,  0.0010,  -0.3789,   0.0002, 0
B,  220, ALA,  0.3355,  -0.1924,   0.0171, 0
B,  221, LEU,  0.8600,   0.0999,   0.1053, 0
B,  222, VAL,  0.5493,  -0.0733,   0.0432, 3
B,  223, GLY,  0.0793,  -0.3352,   0.0017, 0
B,  224, ASP,  0.0194,  -0.3687,   0.0005, 0
B,  225, LEU,  0.0446,  -0.3546,   0.0009, 0
B,  226, ARG,  0.3667,  -0.1750,   0.0201, 0
B,  227, ASP,  0.0756,  -0.3373,   0.0016, 0
B,  228, LYS,  0.6113,  -0.0387,   0.0532, 1
B,  229, ILE,  0.0000,  -0.3795,   0.0002, 0
B,  230, GLU,  0.4711,  -0.1168,   0.0320, 3
B,  231, VAL,  0.0010,  -0.3789,   0.0002, 0
B,  232, VAL,  0.0763,  -0.3369,   0.0016, 0
B,  233, GLY,  0.0506,  -0.3513,   0.0010, 0
B,  234, TYR,  0.2842,  -0.2210,   0.0127, 0
B,  235, GLY,  0.0950,  -0.3265,   0.0022, 0
B,  236, ILE,  0.0611,  -0.3454,   0.0013, 0
B,  237, ASP,  0.0271,  -0.3644,   0.0006, 0
B,  238, PRO,  0.2617,  -0.2336,   0.0109, 0
B,  239, ILE,  0.3638,  -0.1767,   0.0198, 0
B,  240, LYS,  0.0465,  -0.3536,   0.0009, 0
B,  241, LEU,  0.0294,  -0.3631,   0.0006, 0
B,  242, ILE,  0.0859,  -0.3316,   0.0019, 0
B,  243, SER,  0.0252,  -0.3654,   0.0006, 0
B,  244, ALA,  0.0549,  -0.3489,   0.0011, 0
B,  245, LEU,  0.0106,  -0.3735,   0.0004, 0
B,  246, ARG,  0.0719,  -0.3394,   0.0015, 0
B,  247, LYS,  0.0199,  -0.3684,   0.0005, 0
B,  248, LYS,  0.0795,  -0.3352,   0.0017, 0
B,  249, VAL,  0.0360,  -0.3594,   0.0007, 0
B,  250, GLY,  0.0228,  -0.3667,   0.0005, 0
B,  251, ASP,  0.0248,  -0.3656,   0.0006, 0
B,  252, ALA,  0.0295,  -0.3630,   0.0006, 0
B,  253, GLU,  0.3486,  -0.1852,   0.0183, 1
B,  254, LEU,  0.5481,  -0.0740,   0.0430, 0
B,  255, LEU,  0.6661,  -0.0082,   0.0630, 1
B,  256, GLN,  0.9754,   0.1642,   0.1345, 3
B,  257, VAL,  0.5820,  -0.0551,   0.0484, 0
B,  258, SER,  0.4247,  -0.1427,   0.0264, 7
B,  259, GLN,  0.4181,  -0.1464,   0.0256, 0
B,  260, ALA,  0.2280,  -0.2524,   0.0086, 0
B,  261, LYS,  0.0864,  -0.3313,   0.0019, 0
B,  262, GLU,  0.0832,  -0.3331,   0.0018, 0
B,  263, ASP,  0.0815,  -0.3340,   0.0018, 0
C,   32, ALA,  0.0387,  -0.3579,   0.0008, 0
C,   33, ILE,  0.0278,  -0.3639,   0.0006, 0
C,   34, ASP,  0.0071,  -0.3755,   0.0003, 0
C,   35, LEU,  0.0356,  -0.3596,   0.0007, 0
C,   36, SER,  0.0136,  -0.3719,   0.0004, 0
C,   37, ARG,  0.0135,  -0.3719,   0.0004, 0
C,   38, GLU,  0.0503,  -0.3514,   0.0010, 0
C,   39, ARG,  0.0267,  -0.3646,   0.0006, 0
C,   40, ASP,  0.0596,  -0.3463,   0.0012, 0
C,   41, PRO,  0.0921,  -0.3282,   0.0021, 0
C,   42, ASN,  0.6069,  -0.0412,   0.0524, 3
C,   43, PHE,  1.2025,   0.2908,   0.1970, 3
C,   44, PHE,  1.0597,   0.2112,   0.1571, 0
C,   45, ASP,  0.8020,   0.0676,   0.0916, 0
C,   46, ASN,  0.2068,  -0.2642,   0.0073, 0
C,   47, PRO,  0.1703,  -0.2846,   0.0053, 0
C,   48, GLY,  0.2019,  -0.2669,   0.0070, 0
C,   49, ILE,  0.2228,  -0.2553,   0.0082, 0
C,   50, PRO,  0.0986,  -0.3245,   0.0023, 0
C,   51, VAL,  0.1260,  -0.3092,   0.0033, 0
C,   52, PRO,  0.3469,  -0.1861,   0.0182, 0
C,   53, GLU,  0.1030,  -0.3221,   0.0024, 0
C,   54, CYS,  0.0000,  -0.3795,   0.0002, 0
C,   55, PHE,  0.0598,  -0.3461,   0.0012, 0
C,   56, TRP,  0.5927,  -0.0491,   0.0501, 1
C,   57, PHE,  0.0026,  -0.3780,   0.0003, 0
C,   58, MET,  0.7177,   0.0206,   0.0733, 1
C,   59, PHE,  0.0466,  -0.3535,   0.0009, 0
C,   60, LYS,  0.8824,   0.1124,   0.1108, 0
C,   61, ASN,  0.1193,  -0.3130,   0.0030, 0
C,   62, ASN,  0.0732,  -0.3386,   0.0016, 0
C,   63, VAL,  0.0504,  -0.3514,   0.0010, 0
C,   64, ARG,  0.0541,  -0.3493,   0.0011, 0
C,   65, GLN,  0.6608,  -0.0111,   0.0620, 1
C,   66, ASP,  0.5146,  -0.0926,   0.0380, 1
C,   67, ALA,  0.4869,  -0.1080,   0.0341, 0
C,   68, GLY,  0.3948,  -0.1594,   0.0230, 3
C,   69, THR,  0.7797,   0.0551,   0.0867, 3
C,   70, CYS,  0.6044,  -0.0426,   0.0520, 7
C,   71, TYR,  0.4613,  -0.1223,   0.0308, 7
C,   72, SER,  0.1382,  -0.3025,   0.0038, 0
C,   73, SER,  0.0351,  -0.3599,   0.0007, 0
C,   74, TRP,  0.4543,  -0.1262,   0.0299, 0
C,   75, LYS,  0.4816,  -0.1110,   0.0334, 0
C,   76, MET,  0.4340,  -0.1375,   0.0275, 7
C,   77, ASP,  0.4950,  -0.1036,   0.0352, 0
C,   78, MET,  0.5551,  -0.0700,   0.0441, 1
C,   79, LYS,  0.7785,   0.0545,   0.0864, 1
C,   80, VAL,  0.7151,   0.0192,   0.0728, 0
C,   81, GLY,  1.0079,   0.1823,   0.1430, 0
C,   82, PRO,  0.6068,  -0.0412,   0.0524, 5
C,   83, ASN,  0.4486,  -0.1294,   0.0293, 2
C,   84, TRP,  0.6470,  -0.0188,   0.0595, 5
C,   85, VAL,  0.0128,  -0.3723,   0.0004, 0
C,   86, HIS,  0.1628,  -0.2887,   0.0049, 0
C,   87, ILE,  0.0757,  -0.3373,   0.0016, 0
C,   88, LYS,  0.1389,  -0.3020,   0.0038, 0
C,   89, SER,  0.0833,  -0.3330,   0.0018, 0
C,   90, ASP,  0.0208,  -0.3679,   0.0005, 0
C,   91, ASP,  0.0371,  -0.3588,   0.0008, 0
C,   92, ASN,  0.0311,  -0.3621,   0.0007, 0
C,   93, CYS,  0.0195,  -0.3686,   0.0005, 0
C,   94, ASN,  0.0418,  -0.3562,   0.0009, 0
C,   95, LEU,  0.1202,  -0.3125,   0.0031, 0
C,   96, SER,  0.0628,  -0.3444,   0.0013, 0
C,   97, GLY,  0.0746,  -0.3379,   0.0016, 0
C,   98, ASP,  0.8723,   0.1068,   0.1084, 2
C,   99, PHE,  0.9085,   0.1269,   0.1173, 2
C,  100, PRO,  0.6349,  -0.0256,   0.0573, 2
C,  101, PRO,  0.9816,   0.1677,   0.1361, 2
C,  102, GLY,  0.1877,  -0.2748,   0.0062, 0
C,  103, TRP,  1.4528,   0.4303,   0.2692, 1
C,  104, ILE,  0.0757,  -0.3373,   0.0016, 0
C,  105, VAL,  0.0357,  -0.3595,   0.0007, 0
C,  106, LEU,  0.0637,  -0.3440,   0.0013, 0
C,  107, GLY,  0.0451,  -0.3543,   0.0009, 0
C,  108, LYS,  0.0606,  -0.3457,   0.0013, 0
C,  109, LYS,  0.0825,  -0.3334,   0.0018, 0
C,  110, ARG,  0.1230,  -0.3109,   0.0032, 0
C,  111, PRO,  0.0590,  -0.3466,   0.0012, 0
C,  112, GLY,  0.0530,  -0.3499,   0.0011, 0
C,  113, PHE,  0.1289,  -0.3076,   0.0034, 0
E,  187, LEU,  0.0343,  -0.3604,   0.0007, 0
E,  188, LYS,  0.4403,  -0.1340,   0.0283, 6
E,  189, GLN,  0.0119,  -0.3728,   0.0004, 0
E,  190, LYS,  0.0520,  -0.3505,   0.0011, 6
E,  191, ILE,  0.0039,  -0.3773,   0.0003, 0
E,  192, VAL,  0.1510,  -0.2953,   0.0044, 0
E,  193, ILE,  0.0034,  -0.3776,   0.0003, 0
E,  194, LYS,  0.1077,  -0.3194,   0.0026, 0
E,  195, VAL,  0.0515,  -0.3508,   0.0010, 0
E,  196, ALA,  0.0743,  -0.3381,   0.0016, 0
E,  197, MET,  0.0908,  -0.3289,   0.0020, 0
E,  198, GLU,  0.1760,  -0.2813,   0.0056, 0
E,  199, GLY,  0.0680,  -0.3416,   0.0014, 0
E,  200, ASN,  0.0638,  -0.3439,   0.0013, 0
E,  201, ASN,  0.4958,  -0.1031,   0.0353, 2
E,  202, CYS,  0.0446,  -0.3546,   0.0009, 0
E,  203, ARG,  0.6905,   0.0054,   0.0678, 2
E,  204, SER,  0.6403,  -0.0226,   0.0583, 2
E,  205, LYS,  0.0388,  -0.3578,   0.0008, 0
E,  206, ALA,  0.0024,  -0.3782,   0.0003, 0
E,  207, MET,  0.0133,  -0.3720,   0.0004, 2
E,  208, ALA,  0.0178,  -0.3696,   0.0005, 0
E,  209, LEU,  0.0586,  -0.3468,   0.0012, 0
E,  210, VAL,  0.0166,  -0.3702,   0.0004, 0
E,  211, ALA,  0.1632,  -0.2885,   0.0049, 0
E,  212, SER,  0.2758,  -0.2257,   0.0120, 0
E,  213, THR,  0.3763,  -0.1697,   0.0210, 0
E,  214, GLY,  0.4038,  -0.1544,   0.0240, 0
E,  215, GLY,  0.3905,  -0.1618,   0.0225, 0
E,  216, VAL,  0.3509,  -0.1839,   0.0186, 0
E,  217, ASP,  0.3393,  -0.1903,   0.0175, 6
E,  218, SER,  0.1581,  -0.2913,   0.0047, 0
E,  219, VAL,  0.0034,  -0.3776,   0.0003, 0
E,  220, ALA,  0.0083,  -0.3748,   0.0003, 0
E,  221, LEU,  0.4959,  -0.1030,   0.0354, 2
E,  222, VAL,  0.2925,  -0.2164,   0.0134, 0
E,  223, GLY,  0.4270,  -0.1415,   0.0267, 5
E,  224, ASP,  0.4773,  -0.1134,   0.0328, 5
E,  225, LEU,  0.3329,  -0.1939,   0.0169, 0
E,  226, ARG,  0.8718,   0.1065,   0.1082, 2
E,  227, ASP,  0.1824,  -0.2778,   0.0059, 0
E,  228, LYS,  0.2812,  -0.2227,   0.0124, 0
E,  229, ILE,  0.0034,  -0.3776,   0.0003, 0
E,  230, GLU,  0.1483,  -0.2968,   0.0043, 0
E,  231, VAL,  0.0034,  -0.3776,   0.0003, 0
E,  232, VAL,  0.2277,  -0.2525,   0.0086, 6
E,  233, GLY,  0.0232,  -0.3666,   0.0005, 0
E,  234, TYR,  0.2224,  -0.2555,   0.0082, 0
E,  235, GLY,  0.0344,  -0.3603,   0.0007, 0
E,  236, ILE,  0.0261,  -0.3649,   0.0006, 0
E,  237, ASP,  0.0264,  -0.3647,   0.0006, 0
E,  238, PRO,  0.0286,  -0.3635,   0.0006, 0
E,  239, ILE,  0.0501,  -0.3516,   0.0010, 0
E,  240, LYS,  0.0542,  -0.3492,   0.0011, 0
E,  241, LEU,  0.0432,  -0.3554,   0.0009, 0
E,  242, ILE,  0.0462,  -0.3537,   0.0009, 0
E,  243, SER,  0.0268,  -0.3645,   0.0006, 0
E,  244, ALA,  0.0368,  -0.3589,   0.0008, 0
E,  245, LEU,  0.0126,  -0.3724,   0.0004, 0
E,  246, ARG,  0.0514,  -0.3508,   0.0010, 0
E,  247, LYS,  0.0293,  -0.3631,   0.0006, 0
E,  248, LYS,  0.0479,  -0.3528,   0.0010, 0
E,  249, VAL,  0.0301,  -0.3627,   0.0006, 0
E,  250, GLY,  0.0215,  -0.3675,   0.0005, 0
E,  251, ASP,  0.0231,  -0.3666,   0.0005, 0
E,  252, ALA,  0.0323,  -0.3614,   0.0007, 0
E,  253, GLU,  0.0158,  -0.3707,   0.0004, 0
E,  254, LEU,  0.0431,  -0.3554,   0.0009, 0
E,  255, LEU,  0.0750,  -0.3377,   0.0016, 0
E,  256, GLN,  0.0552,  -0.3487,   0.0011, 0
E,  257, VAL,  0.0124,  -0.3725,   0.0004, 0
E,  258, SER,  0.0039,  -0.3773,   0.0003, 0
E,  259, GLN,  0.0687,  -0.3412,   0.0014, 6
F,  184, GLY,  1.1571,   0.2655,   0.1842, 1
F,  185, PRO,  0.6719,  -0.0050,   0.0641, 1
F,  186, GLY,  0.8395,   0.0885,   0.1004, 0
F,  187, LEU,  0.5458,  -0.0752,   0.0427, 0
F,  188, LYS,  0.2026,  -0.2665,   0.0070, 5
F,  189, GLN,  0.0775,  -0.3363,   0.0017, 0
F,  190, LYS,  1.0323,   0.1959,   0.1496, 0
F,  191, ILE,  0.0173,  -0.3698,   0.0005, 0
F,  192, VAL,  0.8432,   0.0906,   0.1013, 0
F,  193, ILE,  0.0081,  -0.3750,   0.0003, 0
F,  194, LYS,  0.0853,  -0.3319,   0.0019, 4
F,  195, VAL,  0.0242,  -0.3660,   0.0006, 0
F,  196, ALA,  0.0262,  -0.3648,   0.0006, 0
F,  197, MET,  0.1084,  -0.3191,   0.0026, 0
F,  198, GLU,  0.0485,  -0.3525,   0.0010, 0
F,  199, GLY,  0.2236,  -0.2548,   0.0083, 0
F,  202, CYS,  0.2660,  -0.2312,   0.0113, 0
F,  203, ARG,  0.5582,  -0.0683,   0.0445, 0
F,  204, SER,  0.5505,  -0.0726,   0.0434, 0
F,  205, LYS,  0.2829,  -0.2218,   0.0126, 0
F,  206, ALA,  0.0200,  -0.3683,   0.0005, 0
F,  207, MET,  0.0798,  -0.3350,   0.0017, 0
F,  208, ALA,  0.0525,  -0.3502,   0.0011, 0
F,  209, LEU,  0.0768,  -0.3367,   0.0017, 0
F,  210, VAL,  0.0140,  -0.3717,   0.0004, 0
F,  211, ALA,  0.0532,  -0.3498,   0.0011, 2
F,  212, SER,  0.1549,  -0.2931,   0.0045, 0
F,  213, THR,  0.9431,   0.1462,   0.1261, 2
F,  214, GLY,  1.0118,   0.1845,   0.1441, 2
F,  215, GLY,  0.9344,   0.1414,   0.1239, 2
F,  216, VAL,  0.8222,   0.0788,   0.0964, 2
F,  217, ASP,  0.3296,  -0.1957,   0.0166, 5
F,  218, SER,  0.0127,  -0.3724,   0.0004, 0
F,  219, VAL,  0.0130,  -0.3722,   0.0004, 0
F,  220, ALA,  0.0870,  -0.3310,   0.0019, 0
F,  221, LEU,  0.2951,  -0.2150,   0.0136, 6
F,  222, VAL,  0.7783,   0.0544,   0.0864, 0
F,  223, GLY,  0.3943,  -0.1597,   0.0229, 0
F,  224, ASP,  0.0151,  -0.3710,   0.0004, 0
F,  225, LEU,  0.0616,  -0.3451,   0.0013, 0
F,  226, ARG,  0.2961,  -0.2144,   0.0137, 6
F,  227, ASP,  0.0474,  -0.3530,   0.0010, 0
F,  228, LYS,  0.9504,   0.1503,   0.1279, 4
F,  229, ILE,  0.0081,  -0.3750,   0.0003, 0
F,  230, GLU,  0.8110,   0.0726,   0.0937, 0
F,  231, VAL,  0.0177,  -0.3696,   0.0005, 0
F,  232, VAL,  0.0598,  -0.3461,   0.0012, 0
F,  233, GLY,  0.0075,  -0.3753,   0.0003, 0
F,  234, TYR,  1.0170,   0.1874,   0.1455, 0
F,  235, GLY,  0.2312,  -0.2506,   0.0088, 0
F,  236, ILE,  0.0863,  -0.3314,   0.0019, 0
F,  237, ASP,  0.0521,  -0.3504,   0.0011, 0
F,  238, PRO,  0.1841,  -0.2769,   0.0060, 0
F,  239, ILE,  0.1285,  -0.3078,   0.0034, 0
F,  240, LYS,  0.0614,  -0.3452,   0.0013, 0
F,  241, LEU,  0.0537,  -0.3495,   0.0011, 0
F,  242, ILE,  0.0541,  -0.3493,   0.0011, 0
F,  243, SER,  0.0309,  -0.3622,   0.0007, 0
F,  244, ALA,  0.0535,  -0.3496,   0.0011, 0
F,  245, LEU,  0.0159,  -0.3706,   0.0004, 0
F,  246, ARG,  0.0623,  -0.3448,   0.0013, 0
F,  247, LYS,  0.0213,  -0.3676,   0.0005, 0
F,  248, LYS,  0.0667,  -0.3423,   0.0014, 0
F,  249, VAL,  0.0463,  -0.3537,   0.0009, 0
F,  250, GLY,  0.0096,  -0.3741,   0.0003, 0
F,  251, ASP,  0.0136,  -0.3719,   0.0004, 0
F,  252, ALA,  0.0155,  -0.3708,   0.0004, 0
F,  253, GLU,  0.0950,  -0.3265,   0.0022, 4
F,  254, LEU,  0.2251,  -0.2540,   0.0084, 0
F,  255, LEU,  0.4151,  -0.1481,   0.0253, 4
F,  256, GLN,  1.4114,   0.4072,   0.2572, 0
F,  257, VAL,  0.2351,  -0.2484,   0.0091, 0
F,  258, SER,  0.6479,  -0.0183,   0.0596, 0
F,  259, GLN,  0.6835,   0.0015,   0.0664, 0
F,  260, ALA,  0.2632,  -0.2328,   0.0110, 0
F,  261, LYS,  0.0708,  -0.3400,   0.0015, 0
F,  262, GLU,  0.0712,  -0.3398,   0.0015, 0
G,   31, ARG,  0.3430,  -0.1883,   0.0178, 0
G,   32, ALA,  0.1400,  -0.3014,   0.0039, 0
G,   33, ILE,  0.0781,  -0.3359,   0.0017, 0
G,   34, ASP,  0.0213,  -0.3676,   0.0005, 0
G,   35, LEU,  0.0527,  -0.3501,   0.0011, 0
G,   36, SER,  0.0265,  -0.3647,   0.0006, 0
G,   37, ARG,  0.0302,  -0.3626,   0.0006, 0
G,   38, GLU,  0.1111,  -0.3175,   0.0027, 0
G,   39, ARG,  0.0349,  -0.3600,   0.0007, 0
G,   40, ASP,  0.1056,  -0.3206,   0.0025, 0
G,   41, PRO,  0.2307,  -0.2509,   0.0088, 0
G,   42, ASN,  0.5153,  -0.0923,   0.0381, 0
G,   43, PHE,  0.6634,  -0.0097,   0.0625, 6
G,   44, PHE,  0.4546,  -0.1261,   0.0300, 6
G,   45, ASP,  0.3107,  -0.2063,   0.0149, 6
G,   46, ASN,  0.1704,  -0.2845,   0.0053, 0
G,   47, PRO,  0.1731,  -0.2830,   0.0054, 0
G,   48, GLY,  0.2309,  -0.2507,   0.0088, 5
G,   49, ILE,  0.1954,  -0.2706,   0.0066, 0
G,   50, PRO,  0.0767,  -0.3367,   0.0016, 0
G,   51, VAL,  0.1607,  -0.2899,   0.0048, 0
G,   52, PRO,  0.4119,  -0.1498,   0.0249, 0
G,   53, GLU,  0.1311,  -0.3064,   0.0035, 0
G,   54, CYS,  0.0177,  -0.3696,   0.0005, 0
G,   55, PHE,  0.0424,  -0.3559,   0.0009, 0
G,   56, TRP,  0.9789,   0.1662,   0.1354, 0
G,   57, PHE,  0.0000,  -0.3795,   0.0002, 0
G,   58, MET,  0.4429,  -0.1326,   0.0286, 4
G,   59, PHE,  0.1280,  -0.3081,   0.0034, 0
G,   60, LYS,  0.1148,  -0.3155,   0.0029, 0
G,   61, ASN,  0.0713,  -0.3397,   0.0015, 0
G,   62, ASN,  0.1853,  -0.2762,   0.0060, 0
G,   63, VAL,  0.0901,  -0.3292,   0.0020, 0
G,   64, ARG,  0.1042,  -0.3214,   0.0025, 0
G,   65, GLN,  0.2982,  -0.2132,   0.0138, 4
G,   66, ASP,  0.2622,  -0.2333,   0.0110, 4
G,   67, ALA,  0.9121,   0.1290,   0.1182, 0
G,   68, GLY,  0.7525,   0.0400,   0.0806, 0
G,   69, THR,  1.3825,   0.3911,   0.2486, 0
G,   70, CYS,  0.8591,   0.0994,   0.1051, 0
G,   71, TYR,  0.7371,   0.0314,   0.0774, 0
G,   72, SER,  0.1681,  -0.2857,   0.0052, 0
G,   73, SER,  0.0649,  -0.3433,   0.0014, 0
G,   74, TRP,  0.7656,   0.0473,   0.0835, 0
G,   75, LYS,  0.7742,   0.0521,   0.0854, 0
G,   76, MET,  0.7920,   0.0620,   0.0894, 0
G,   77, ASP,  0.1502,  -0.2957,   0.0043, 0
G,   78, MET,  0.8574,   0.0985,   0.1047, 4
G,   79, LYS,  0.3552,  -0.1815,   0.0190, 4
G,   80, VAL,  0.1791,  -0.2796,   0.0057, 0
G,   81, GLY,  0.2463,  -0.2422,   0.0099, 4
G,   82, PRO,  0.0456,  -0.3541,   0.0009, 0
G,   83, ASN,  0.0207,  -0.3679,   0.0005, 0
G,   84, TRP,  0.2542,  -0.2378,   0.0104, 0
G,   85, VAL,  0.0230,  -0.3667,   0.0005, 0
G,   86, HIS,  0.0742,  -0.3381,   0.0016, 0
G,   87, ILE,  0.1084,  -0.3190,   0.0026, 0
G,   88, LYS,  0.1273,  -0.3085,   0.0033, 0
G,   89, SER,  0.1108,  -0.3177,   0.0027, 0
G,   90, ASP,  0.0164,  -0.3703,   0.0004, 0
G,   91, ASP,  0.0665,  -0.3424,   0.0014, 0
G,   92, ASN,  0.0525,  -0.3502,   0.0011, 0
G,   93, CYS,  0.0457,  -0.3540,   0.0009, 0
G,   94, ASN,  0.0335,  -0.3608,   0.0007, 0
G,   95, LEU,  0.1327,  -0.3055,   0.0036, 0
G,   96, SER,  0.0193,  -0.3687,   0.0005, 0
G,   97, GLY,  0.0320,  -0.3616,   0.0007, 0
G,   98, ASP,  0.0163,  -0.3704,   0.0004, 0
G,   99, PHE,  0.0451,  -0.3543,   0.0009, 0
G,  100, PRO,  0.0503,  -0.3514,   0.0010, 0
G,  101, PRO,  0.0666,  -0.3424,   0.0014, 0
G,  102, GLY,  0.0864,  -0.3313,   0.0019, 0
G,  103, TRP,  0.3704,  -0.1730,   0.0204, 4
G,  104, ILE,  0.1002,  -0.3236,   0.0023, 0
G,  105, VAL,  0.0231,  -0.3666,   0.0005, 0
G,  106, LEU,  0.0532,  -0.3498,   0.0011, 0
G,  107, GLY,  0.0426,  -0.3557,   0.0009, 0
G,  108, LYS,  0.0672,  -0.3420,   0.0014, 0
G,  109, LYS,  0.1035,  -0.3218,   0.0025, 0
G,  110, ARG,  0.1560,  -0.2925,   0.0046, 0
G,  111, PRO,  0.0783,  -0.3358,   0.0017, 0
G,  112, GLY,  0.1472,  -0.2974,   0.0042, 0
G,  113, PHE,  0.2777,  -0.2247,   0.0122, 0
